{
  "162|6": {
    "system_id": 162,
    "capacity_kw": 6,
    "elec_mult": 1.0645439145958995,
    "heat_mult": 1.0573850073052071
  }
}