{
  "44|8": {
    "series_id": 44,
    "capacity_kw": 8,
    "elec_mult": 1.0922757781086256,
    "heat_mult": 1.0690877248127433
  },
  "72|8": {
    "series_id": 72,
    "capacity_kw": 8,
    "elec_mult": 1.0742744206834327,
    "heat_mult": 1.1445790165950143
  },
  "117|6": {
    "series_id": 117,
    "capacity_kw": 6,
    "elec_mult": 1.2688810568497457,
    "heat_mult": 1.3
  },
  "147|4": {
    "series_id": 147,
    "capacity_kw": 4,
    "elec_mult": 1.1188896983669894,
    "heat_mult": 1.0240214288213982
  },
  "162|6": {
    "series_id": 162,
    "capacity_kw": 6,
    "elec_mult": 1.110575385525918,
    "heat_mult": 1.0882476124060798
  },
  "224|8": {
    "series_id": 224,
    "capacity_kw": 8,
    "elec_mult": 1.3,
    "heat_mult": 1.3
  },
  "810|6": {
    "series_id": 810,
    "capacity_kw": 6,
    "elec_mult": 0.9795836691413367,
    "heat_mult": 0.9572860366477681
  }
}