{
  "44|8": {
    "system_id": 44,
    "capacity_kw": 8,
    "elec_mult": 1.0797412200767196,
    "heat_mult": 1.0644600963289457
  },
  "162|6": {
    "system_id": 162,
    "capacity_kw": 6,
    "elec_mult": 1.0429399306612086,
    "heat_mult": 1.0380461659417106
  }
}