{
  "44|8": {
    "series_id": 44,
    "capacity_kw": 8,
    "elec_mult": 1.0888483141737653,
    "heat_mult": 1.074195503854865
  },
  "72|8": {
    "series_id": 72,
    "capacity_kw": 8,
    "elec_mult": 1.027828420147422,
    "heat_mult": 1.030187771522607
  },
  "117|6": {
    "series_id": 117,
    "capacity_kw": 6,
    "elec_mult": 1.070152071186105,
    "heat_mult": 1.0669510037664482
  },
  "147|4": {
    "series_id": 147,
    "capacity_kw": 4,
    "elec_mult": 1.0842480347859977,
    "heat_mult": 1.0877835597993102
  },
  "162|6": {
    "series_id": 162,
    "capacity_kw": 6,
    "elec_mult": 1.0607403541486269,
    "heat_mult": 1.05653198270009
  },
  "224|8": {
    "series_id": 224,
    "capacity_kw": 8,
    "elec_mult": 1.0328952826837583,
    "heat_mult": 1.0375587255635783
  },
  "810|6": {
    "series_id": 810,
    "capacity_kw": 6,
    "elec_mult": 1.030282612600067,
    "heat_mult": 1.0262682185029628
  }
}