{
  "44|8": {
    "system_id": 44,
    "capacity_kw": 8,
    "elec_mult": 1.181014954238089,
    "heat_mult": 1.1981725915230248
  },
  "162|6": {
    "system_id": 162,
    "capacity_kw": 6,
    "elec_mult": 1.1306232788521597,
    "heat_mult": 1.1394585520935903
  },
  "228|4": {
    "system_id": 228,
    "capacity_kw": 4,
    "elec_mult": 1.152961111614033,
    "heat_mult": 1.1986902566856659
  },
  "351|6": {
    "system_id": 351,
    "capacity_kw": 6,
    "elec_mult": 1.1260698395488749,
    "heat_mult": 1.1038818954444238
  },
  "364|8": {
    "system_id": 364,
    "capacity_kw": 8,
    "elec_mult": 1.1356079368564183,
    "heat_mult": 1.194952833157327
  },
  "587|6": {
    "system_id": 587,
    "capacity_kw": 6,
    "elec_mult": 1.096910654914658,
    "heat_mult": 1.0638351053125463
  },
  "615|8": {
    "system_id": 615,
    "capacity_kw": 8,
    "elec_mult": 1.028610006900029,
    "heat_mult": 1.0187865868107382
  }
}