{
  "44|8": {
    "system_id": 44,
    "capacity_kw": 8,
    "elec_mult": 1.190363013104949,
    "heat_mult": 1.2580850616027135
  },
  "162|6": {
    "system_id": 162,
    "capacity_kw": 6,
    "elec_mult": 1.1243803055532329,
    "heat_mult": 1.2204523420652795
  },
  "228|4": {
    "system_id": 228,
    "capacity_kw": 4,
    "elec_mult": 1.1019286693490693,
    "heat_mult": 0.8594038090855356
  }
}