{
  "44|8": {
    "system_id": 44,
    "capacity_kw": 8,
    "elec_mult": 1.0724115626900075,
    "heat_mult": 1.0704664933728676
  },
  "162|6": {
    "system_id": 162,
    "capacity_kw": 6,
    "elec_mult": 1.039222153425798,
    "heat_mult": 1.041461696316514
  }
}