{
  "44|8": {
    "system_id": 44,
    "capacity_kw": 8,
    "elec_mult": 1.0775896714509658,
    "heat_mult": 1.0729225608223951
  }
}