{
  "generated_at": "2026-04-18T13:17:33.946054",
  "feature_policy_mode": "enhanced_onestep",
  "fold_count": 5,
  "avg_r2_elec": 0.8190877500591455,
  "avg_r2_heat": 0.8532804772023243,
  "avg_mae_elec_w": 87.28059641325095,
  "avg_mae_heat_w": 249.67646440208355,
  "avg_energy_err_pct": 6.97068360543084,
  "avg_heat_err_pct": 1.857984137151106,
  "avg_cop_err_pct": 7.319156664725108,
  "max_runtime_false_negative_count": 0
}